--------------------------------------------------------
--  File created - zaterdag-februari-21-2015   
--------------------------------------------------------
--------------------------------------------------------
--  DDL for Table FLI_AIRLINE_CARRIERS
--------------------------------------------------------

  CREATE TABLE "FLI_AIRLINE_CARRIERS" 
   (	"ID" NUMBER(5,0), 
	"IATA_CODE" VARCHAR2(2 BYTE), 
	"NAME" VARCHAR2(100 BYTE)
   ) ;
--------------------------------------------------------
--  DDL for Table FLI_AIRPORTS
--------------------------------------------------------

  CREATE TABLE "FLI_AIRPORTS" 
   (	"ID" NUMBER(5,0), 
	"COUNTRY_CODE" VARCHAR2(2 BYTE), 
	"IATA_CODE" VARCHAR2(3 BYTE), 
	"CITY" VARCHAR2(50 BYTE), 
	"NAME" VARCHAR2(100 BYTE)
   ) ;
--------------------------------------------------------
--  DDL for Table FLI_CUSTOMERS
--------------------------------------------------------

  CREATE TABLE "FLI_CUSTOMERS" 
   (	"ID" NUMBER(5,0), 
	"FIRST_NAME" VARCHAR2(30 BYTE), 
	"LAST_NAME" VARCHAR2(50 BYTE), 
	"FREQUENT_FLYER_NUMBER" VARCHAR2(20 BYTE), 
	"COUNTRY_CODE" VARCHAR2(2 BYTE)
   ) ;
--------------------------------------------------------
--  DDL for Table FLI_FLIGHTS
--------------------------------------------------------

  CREATE TABLE "FLI_FLIGHTS" 
   (	"ID" NUMBER(5,0), 
	"FLIGHT_NUMBER" NUMBER(4,0), 
	"CARRIER_ID" NUMBER(5,0), 
	"ORIGIN_AIRPORT_ID" NUMBER(5,0), 
	"DESTINATION_AIRPORT_ID" NUMBER(5,0), 
	"DEPARTURE_TIME" TIMESTAMP (6) WITH TIME ZONE, 
	"ARRIVAL_TIME" TIMESTAMP (6) WITH TIME ZONE, 
	"FLIGHT_STATUS" VARCHAR2(3 BYTE)
   ) ;
--------------------------------------------------------
--  DDL for Table FLI_PASSENGERS
--------------------------------------------------------

  CREATE TABLE "FLI_PASSENGERS" 
   (	"ID" NUMBER(5,0), 
	"FLIGHT_ID" NUMBER(5,0), 
	"SEAT" VARCHAR2(3 BYTE), 
	"CUSTOMER_ID" NUMBER(5,0), 
	"PASSENGER_STATUS" VARCHAR2(3 BYTE)
   ) ;
REM INSERTING into FLI_AIRLINE_CARRIERS
SET DEFINE OFF;
Insert into FLI_AIRLINE_CARRIERS (ID,IATA_CODE,NAME) values (1,'EK','Emirates Airline');
Insert into FLI_AIRLINE_CARRIERS (ID,IATA_CODE,NAME) values (2,'KL','KLM Royal Dutch Airlines');
Insert into FLI_AIRLINE_CARRIERS (ID,IATA_CODE,NAME) values (3,'QF','Quantas');
Insert into FLI_AIRLINE_CARRIERS (ID,IATA_CODE,NAME) values (4,'LH','Lufthansa');
Insert into FLI_AIRLINE_CARRIERS (ID,IATA_CODE,NAME) values (5,'DL','Delta Air Lines');
REM INSERTING into FLI_AIRPORTS
SET DEFINE OFF;
Insert into FLI_AIRPORTS (ID,COUNTRY_CODE,IATA_CODE,CITY,NAME) values (1,'US','SFO','San Francisco','San Francisco International Airport');
Insert into FLI_AIRPORTS (ID,COUNTRY_CODE,IATA_CODE,CITY,NAME) values (2,'US','LAX','Los Angeles','Los Angeles International Airport');
Insert into FLI_AIRPORTS (ID,COUNTRY_CODE,IATA_CODE,CITY,NAME) values (3,'NL','AMS','Amsterdam','Schiphol Airport');
Insert into FLI_AIRPORTS (ID,COUNTRY_CODE,IATA_CODE,CITY,NAME) values (4,'HU','BUD','Budapest','Budapest Ferenc Liszt International Airport');
Insert into FLI_AIRPORTS (ID,COUNTRY_CODE,IATA_CODE,CITY,NAME) values (5,'AE','DXB','Dubai','Dubai International Airport');
Insert into FLI_AIRPORTS (ID,COUNTRY_CODE,IATA_CODE,CITY,NAME) values (6,'UK','LHR','London','Heathrow Airport');
REM INSERTING into FLI_CUSTOMERS
SET DEFINE OFF;
Insert into FLI_CUSTOMERS (ID,FIRST_NAME,LAST_NAME,FREQUENT_FLYER_NUMBER,COUNTRY_CODE) values (1,'Diana','Woodstock','BB123332','UK');
Insert into FLI_CUSTOMERS (ID,FIRST_NAME,LAST_NAME,FREQUENT_FLYER_NUMBER,COUNTRY_CODE) values (2,'William','Simon','KK9182673','US');
Insert into FLI_CUSTOMERS (ID,FIRST_NAME,LAST_NAME,FREQUENT_FLYER_NUMBER,COUNTRY_CODE) values (3,'Hank','Garfunkel','Q12371234','NL');
Insert into FLI_CUSTOMERS (ID,FIRST_NAME,LAST_NAME,FREQUENT_FLYER_NUMBER,COUNTRY_CODE) values (4,'Francois','Mercury','P918236734','DE');
Insert into FLI_CUSTOMERS (ID,FIRST_NAME,LAST_NAME,FREQUENT_FLYER_NUMBER,COUNTRY_CODE) values (5,'Heinrich','Böll','T61625326','FR');
Insert into FLI_CUSTOMERS (ID,FIRST_NAME,LAST_NAME,FREQUENT_FLYER_NUMBER,COUNTRY_CODE) values (6,'Jean','Malot','Q5162716231','FR');
Insert into FLI_CUSTOMERS (ID,FIRST_NAME,LAST_NAME,FREQUENT_FLYER_NUMBER,COUNTRY_CODE) values (7,'Norman','Mailer',null,'ES');
Insert into FLI_CUSTOMERS (ID,FIRST_NAME,LAST_NAME,FREQUENT_FLYER_NUMBER,COUNTRY_CODE) values (8,'Ann','Sjöbrend',null,'UK');
Insert into FLI_CUSTOMERS (ID,FIRST_NAME,LAST_NAME,FREQUENT_FLYER_NUMBER,COUNTRY_CODE) values (9,'Maria','Callas','S51625162','IT');
Insert into FLI_CUSTOMERS (ID,FIRST_NAME,LAST_NAME,FREQUENT_FLYER_NUMBER,COUNTRY_CODE) values (10,'Anna','Karenina','Q61726172','US');
Insert into FLI_CUSTOMERS (ID,FIRST_NAME,LAST_NAME,FREQUENT_FLYER_NUMBER,COUNTRY_CODE) values (11,'Joe','Dimaggio','K81928717','BE');
Insert into FLI_CUSTOMERS (ID,FIRST_NAME,LAST_NAME,FREQUENT_FLYER_NUMBER,COUNTRY_CODE) values (12,'John','Bors',null,'DE');
Insert into FLI_CUSTOMERS (ID,FIRST_NAME,LAST_NAME,FREQUENT_FLYER_NUMBER,COUNTRY_CODE) values (13,'Tobias','Vink',null,'DK');
Insert into FLI_CUSTOMERS (ID,FIRST_NAME,LAST_NAME,FREQUENT_FLYER_NUMBER,COUNTRY_CODE) values (14,'Lex','Müller',null,'SE');
Insert into FLI_CUSTOMERS (ID,FIRST_NAME,LAST_NAME,FREQUENT_FLYER_NUMBER,COUNTRY_CODE) values (15,'Christina','Appleby','U7162761','SK');
Insert into FLI_CUSTOMERS (ID,FIRST_NAME,LAST_NAME,FREQUENT_FLYER_NUMBER,COUNTRY_CODE) values (16,'Chris','Muir',null,'IT');
Insert into FLI_CUSTOMERS (ID,FIRST_NAME,LAST_NAME,FREQUENT_FLYER_NUMBER,COUNTRY_CODE) values (17,'Frank','Brown',null,'HU');
Insert into FLI_CUSTOMERS (ID,FIRST_NAME,LAST_NAME,FREQUENT_FLYER_NUMBER,COUNTRY_CODE) values (18,'Jürgen','Kress','P81726182','DE');
Insert into FLI_CUSTOMERS (ID,FIRST_NAME,LAST_NAME,FREQUENT_FLYER_NUMBER,COUNTRY_CODE) values (19,'Ludmilla','Putina',null,'PT');
Insert into FLI_CUSTOMERS (ID,FIRST_NAME,LAST_NAME,FREQUENT_FLYER_NUMBER,COUNTRY_CODE) values (20,'Anastasia','Kamarasi',null,'AU');
Insert into FLI_CUSTOMERS (ID,FIRST_NAME,LAST_NAME,FREQUENT_FLYER_NUMBER,COUNTRY_CODE) values (21,'Tim','Brown','Q51562615','AT');
Insert into FLI_CUSTOMERS (ID,FIRST_NAME,LAST_NAME,FREQUENT_FLYER_NUMBER,COUNTRY_CODE) values (22,'Carlo','DuPont',null,'DE');
REM INSERTING into FLI_FLIGHTS
SET DEFINE OFF;
Insert into FLI_FLIGHTS (ID,FLIGHT_NUMBER,CARRIER_ID,ORIGIN_AIRPORT_ID,DESTINATION_AIRPORT_ID,DEPARTURE_TIME,ARRIVAL_TIME,FLIGHT_STATUS) values (1,617,1,4,2,to_timestamp_tz('06-03-2015 17:10:00 +01:00','DD-MM-YYYY HH24:MI:SS TZH:TZM'),to_timestamp_tz('06-03-2015 20:25:00 -08:00','DD-MM-YYYY HH24:MI:SS TZH:TZM'),'SCH');
Insert into FLI_FLIGHTS (ID,FLIGHT_NUMBER,CARRIER_ID,ORIGIN_AIRPORT_ID,DESTINATION_AIRPORT_ID,DEPARTURE_TIME,ARRIVAL_TIME,FLIGHT_STATUS) values (2,34,2,3,1,to_timestamp_tz('07-03-2015 09:50:00 +01:00','DD-MM-YYYY HH24:MI:SS TZH:TZM'),to_timestamp_tz('07-03-2015 11:55:00 -08:00','DD-MM-YYYY HH24:MI:SS TZH:TZM'),'SCH');
Insert into FLI_FLIGHTS (ID,FLIGHT_NUMBER,CARRIER_ID,ORIGIN_AIRPORT_ID,DESTINATION_AIRPORT_ID,DEPARTURE_TIME,ARRIVAL_TIME,FLIGHT_STATUS) values (3,716,3,5,2,to_timestamp_tz('06-03-2015 20:00:00 +04:00','DD-MM-YYYY HH24:MI:SS TZH:TZM'),to_timestamp_tz('06-03-2015 23:45:00 -08:00','DD-MM-YYYY HH24:MI:SS TZH:TZM'),'SCH');
Insert into FLI_FLIGHTS (ID,FLIGHT_NUMBER,CARRIER_ID,ORIGIN_AIRPORT_ID,DESTINATION_AIRPORT_ID,DEPARTURE_TIME,ARRIVAL_TIME,FLIGHT_STATUS) values (44,39,4,6,3,to_timestamp_tz('06-03-2015 13:30:00 +00:00','DD-MM-YYYY HH24:MI:SS TZH:TZM'),to_timestamp_tz('06-03-2015 15:50:00 +01:00','DD-MM-YYYY HH24:MI:SS TZH:TZM'),'SCH');
REM INSERTING into FLI_PASSENGERS
SET DEFINE OFF;
Insert into FLI_PASSENGERS (ID,FLIGHT_ID,SEAT,CUSTOMER_ID,PASSENGER_STATUS) values (101,1,'1A',1,'BKD');
Insert into FLI_PASSENGERS (ID,FLIGHT_ID,SEAT,CUSTOMER_ID,PASSENGER_STATUS) values (102,1,'2A',2,'BKD');
Insert into FLI_PASSENGERS (ID,FLIGHT_ID,SEAT,CUSTOMER_ID,PASSENGER_STATUS) values (103,1,'3A',3,'BKD');
Insert into FLI_PASSENGERS (ID,FLIGHT_ID,SEAT,CUSTOMER_ID,PASSENGER_STATUS) values (104,1,'4A',4,'BKD');
Insert into FLI_PASSENGERS (ID,FLIGHT_ID,SEAT,CUSTOMER_ID,PASSENGER_STATUS) values (105,1,'5A',5,'BKD');
Insert into FLI_PASSENGERS (ID,FLIGHT_ID,SEAT,CUSTOMER_ID,PASSENGER_STATUS) values (106,1,'6A',6,'BKD');
Insert into FLI_PASSENGERS (ID,FLIGHT_ID,SEAT,CUSTOMER_ID,PASSENGER_STATUS) values (107,1,'7A',7,'BKD');
Insert into FLI_PASSENGERS (ID,FLIGHT_ID,SEAT,CUSTOMER_ID,PASSENGER_STATUS) values (108,1,'8A',8,'BKD');
Insert into FLI_PASSENGERS (ID,FLIGHT_ID,SEAT,CUSTOMER_ID,PASSENGER_STATUS) values (109,1,'9A',9,'BKD');
Insert into FLI_PASSENGERS (ID,FLIGHT_ID,SEAT,CUSTOMER_ID,PASSENGER_STATUS) values (110,1,'10A',10,'BKD');
Insert into FLI_PASSENGERS (ID,FLIGHT_ID,SEAT,CUSTOMER_ID,PASSENGER_STATUS) values (111,1,'11A',11,'BKD');
Insert into FLI_PASSENGERS (ID,FLIGHT_ID,SEAT,CUSTOMER_ID,PASSENGER_STATUS) values (112,1,'12A',12,'BKD');
Insert into FLI_PASSENGERS (ID,FLIGHT_ID,SEAT,CUSTOMER_ID,PASSENGER_STATUS) values (113,1,'13A',13,'BKD');
Insert into FLI_PASSENGERS (ID,FLIGHT_ID,SEAT,CUSTOMER_ID,PASSENGER_STATUS) values (114,1,'14A',14,'BKD');
Insert into FLI_PASSENGERS (ID,FLIGHT_ID,SEAT,CUSTOMER_ID,PASSENGER_STATUS) values (115,1,'15A',15,'BKD');
Insert into FLI_PASSENGERS (ID,FLIGHT_ID,SEAT,CUSTOMER_ID,PASSENGER_STATUS) values (116,1,'16A',16,'BKD');
Insert into FLI_PASSENGERS (ID,FLIGHT_ID,SEAT,CUSTOMER_ID,PASSENGER_STATUS) values (117,1,'17A',17,'BKD');
Insert into FLI_PASSENGERS (ID,FLIGHT_ID,SEAT,CUSTOMER_ID,PASSENGER_STATUS) values (118,1,'18A',18,'BKD');
Insert into FLI_PASSENGERS (ID,FLIGHT_ID,SEAT,CUSTOMER_ID,PASSENGER_STATUS) values (119,1,'19A',19,'BKD');
Insert into FLI_PASSENGERS (ID,FLIGHT_ID,SEAT,CUSTOMER_ID,PASSENGER_STATUS) values (120,1,'20A',20,'BKD');
Insert into FLI_PASSENGERS (ID,FLIGHT_ID,SEAT,CUSTOMER_ID,PASSENGER_STATUS) values (121,1,'21A',21,'BKD');
Insert into FLI_PASSENGERS (ID,FLIGHT_ID,SEAT,CUSTOMER_ID,PASSENGER_STATUS) values (122,1,'22A',22,'BKD');
Insert into FLI_PASSENGERS (ID,FLIGHT_ID,SEAT,CUSTOMER_ID,PASSENGER_STATUS) values (201,2,'23A',1,'BKD');
Insert into FLI_PASSENGERS (ID,FLIGHT_ID,SEAT,CUSTOMER_ID,PASSENGER_STATUS) values (202,2,'24A',2,'BKD');
Insert into FLI_PASSENGERS (ID,FLIGHT_ID,SEAT,CUSTOMER_ID,PASSENGER_STATUS) values (203,2,'25A',3,'BKD');
Insert into FLI_PASSENGERS (ID,FLIGHT_ID,SEAT,CUSTOMER_ID,PASSENGER_STATUS) values (204,2,'26A',4,'BKD');
Insert into FLI_PASSENGERS (ID,FLIGHT_ID,SEAT,CUSTOMER_ID,PASSENGER_STATUS) values (205,2,'27A',5,'BKD');
Insert into FLI_PASSENGERS (ID,FLIGHT_ID,SEAT,CUSTOMER_ID,PASSENGER_STATUS) values (206,2,'28A',6,'BKD');
Insert into FLI_PASSENGERS (ID,FLIGHT_ID,SEAT,CUSTOMER_ID,PASSENGER_STATUS) values (207,2,'29A',7,'BKD');
Insert into FLI_PASSENGERS (ID,FLIGHT_ID,SEAT,CUSTOMER_ID,PASSENGER_STATUS) values (208,2,'30A',8,'BKD');
Insert into FLI_PASSENGERS (ID,FLIGHT_ID,SEAT,CUSTOMER_ID,PASSENGER_STATUS) values (209,2,'31A',9,'BKD');
Insert into FLI_PASSENGERS (ID,FLIGHT_ID,SEAT,CUSTOMER_ID,PASSENGER_STATUS) values (210,2,'32A',10,'BKD');
Insert into FLI_PASSENGERS (ID,FLIGHT_ID,SEAT,CUSTOMER_ID,PASSENGER_STATUS) values (211,2,'33A',11,'BKD');
Insert into FLI_PASSENGERS (ID,FLIGHT_ID,SEAT,CUSTOMER_ID,PASSENGER_STATUS) values (212,2,'34A',12,'BKD');
Insert into FLI_PASSENGERS (ID,FLIGHT_ID,SEAT,CUSTOMER_ID,PASSENGER_STATUS) values (213,2,'35A',13,'BKD');
Insert into FLI_PASSENGERS (ID,FLIGHT_ID,SEAT,CUSTOMER_ID,PASSENGER_STATUS) values (214,2,'36A',14,'BKD');
Insert into FLI_PASSENGERS (ID,FLIGHT_ID,SEAT,CUSTOMER_ID,PASSENGER_STATUS) values (215,2,'37A',15,'BKD');
Insert into FLI_PASSENGERS (ID,FLIGHT_ID,SEAT,CUSTOMER_ID,PASSENGER_STATUS) values (216,2,'38A',16,'BKD');
Insert into FLI_PASSENGERS (ID,FLIGHT_ID,SEAT,CUSTOMER_ID,PASSENGER_STATUS) values (217,2,'39A',17,'BKD');
Insert into FLI_PASSENGERS (ID,FLIGHT_ID,SEAT,CUSTOMER_ID,PASSENGER_STATUS) values (218,2,'40A',18,'BKD');
Insert into FLI_PASSENGERS (ID,FLIGHT_ID,SEAT,CUSTOMER_ID,PASSENGER_STATUS) values (219,2,'41A',19,'BKD');
Insert into FLI_PASSENGERS (ID,FLIGHT_ID,SEAT,CUSTOMER_ID,PASSENGER_STATUS) values (220,2,'42A',20,'BKD');
Insert into FLI_PASSENGERS (ID,FLIGHT_ID,SEAT,CUSTOMER_ID,PASSENGER_STATUS) values (221,2,'43A',21,'BKD');
Insert into FLI_PASSENGERS (ID,FLIGHT_ID,SEAT,CUSTOMER_ID,PASSENGER_STATUS) values (222,2,'44A',22,'BKD');
Insert into FLI_PASSENGERS (ID,FLIGHT_ID,SEAT,CUSTOMER_ID,PASSENGER_STATUS) values (301,3,'45A',1,'BKD');
Insert into FLI_PASSENGERS (ID,FLIGHT_ID,SEAT,CUSTOMER_ID,PASSENGER_STATUS) values (302,3,'46A',2,'BKD');
Insert into FLI_PASSENGERS (ID,FLIGHT_ID,SEAT,CUSTOMER_ID,PASSENGER_STATUS) values (303,3,'47A',3,'BKD');
Insert into FLI_PASSENGERS (ID,FLIGHT_ID,SEAT,CUSTOMER_ID,PASSENGER_STATUS) values (304,3,'48A',4,'BKD');
Insert into FLI_PASSENGERS (ID,FLIGHT_ID,SEAT,CUSTOMER_ID,PASSENGER_STATUS) values (305,3,'49A',5,'BKD');
Insert into FLI_PASSENGERS (ID,FLIGHT_ID,SEAT,CUSTOMER_ID,PASSENGER_STATUS) values (306,3,'50A',6,'BKD');
Insert into FLI_PASSENGERS (ID,FLIGHT_ID,SEAT,CUSTOMER_ID,PASSENGER_STATUS) values (307,3,'51A',7,'BKD');
Insert into FLI_PASSENGERS (ID,FLIGHT_ID,SEAT,CUSTOMER_ID,PASSENGER_STATUS) values (308,3,'52A',8,'BKD');
Insert into FLI_PASSENGERS (ID,FLIGHT_ID,SEAT,CUSTOMER_ID,PASSENGER_STATUS) values (309,3,'53A',9,'BKD');
Insert into FLI_PASSENGERS (ID,FLIGHT_ID,SEAT,CUSTOMER_ID,PASSENGER_STATUS) values (310,3,'54A',10,'BKD');
Insert into FLI_PASSENGERS (ID,FLIGHT_ID,SEAT,CUSTOMER_ID,PASSENGER_STATUS) values (311,3,'55A',11,'BKD');
Insert into FLI_PASSENGERS (ID,FLIGHT_ID,SEAT,CUSTOMER_ID,PASSENGER_STATUS) values (312,3,'56A',12,'BKD');
Insert into FLI_PASSENGERS (ID,FLIGHT_ID,SEAT,CUSTOMER_ID,PASSENGER_STATUS) values (313,3,'57A',13,'BKD');
Insert into FLI_PASSENGERS (ID,FLIGHT_ID,SEAT,CUSTOMER_ID,PASSENGER_STATUS) values (314,3,'58A',14,'BKD');
Insert into FLI_PASSENGERS (ID,FLIGHT_ID,SEAT,CUSTOMER_ID,PASSENGER_STATUS) values (315,3,'59A',15,'BKD');
Insert into FLI_PASSENGERS (ID,FLIGHT_ID,SEAT,CUSTOMER_ID,PASSENGER_STATUS) values (316,3,'60A',16,'BKD');
Insert into FLI_PASSENGERS (ID,FLIGHT_ID,SEAT,CUSTOMER_ID,PASSENGER_STATUS) values (317,3,'61A',17,'BKD');
Insert into FLI_PASSENGERS (ID,FLIGHT_ID,SEAT,CUSTOMER_ID,PASSENGER_STATUS) values (318,3,'62A',18,'BKD');
Insert into FLI_PASSENGERS (ID,FLIGHT_ID,SEAT,CUSTOMER_ID,PASSENGER_STATUS) values (319,3,'63A',19,'BKD');
Insert into FLI_PASSENGERS (ID,FLIGHT_ID,SEAT,CUSTOMER_ID,PASSENGER_STATUS) values (320,3,'64A',20,'BKD');
Insert into FLI_PASSENGERS (ID,FLIGHT_ID,SEAT,CUSTOMER_ID,PASSENGER_STATUS) values (321,3,'65A',21,'BKD');
Insert into FLI_PASSENGERS (ID,FLIGHT_ID,SEAT,CUSTOMER_ID,PASSENGER_STATUS) values (322,3,'66A',22,'BKD');
Insert into FLI_PASSENGERS (ID,FLIGHT_ID,SEAT,CUSTOMER_ID,PASSENGER_STATUS) values (4401,44,'67A',1,'BKD');
Insert into FLI_PASSENGERS (ID,FLIGHT_ID,SEAT,CUSTOMER_ID,PASSENGER_STATUS) values (4402,44,'68A',2,'BKD');
Insert into FLI_PASSENGERS (ID,FLIGHT_ID,SEAT,CUSTOMER_ID,PASSENGER_STATUS) values (4403,44,'69A',3,'BKD');
Insert into FLI_PASSENGERS (ID,FLIGHT_ID,SEAT,CUSTOMER_ID,PASSENGER_STATUS) values (4404,44,'70A',4,'BKD');
Insert into FLI_PASSENGERS (ID,FLIGHT_ID,SEAT,CUSTOMER_ID,PASSENGER_STATUS) values (4405,44,'71A',5,'BKD');
Insert into FLI_PASSENGERS (ID,FLIGHT_ID,SEAT,CUSTOMER_ID,PASSENGER_STATUS) values (4406,44,'72A',6,'BKD');
Insert into FLI_PASSENGERS (ID,FLIGHT_ID,SEAT,CUSTOMER_ID,PASSENGER_STATUS) values (4407,44,'73A',7,'BKD');
Insert into FLI_PASSENGERS (ID,FLIGHT_ID,SEAT,CUSTOMER_ID,PASSENGER_STATUS) values (4408,44,'74A',8,'BKD');
Insert into FLI_PASSENGERS (ID,FLIGHT_ID,SEAT,CUSTOMER_ID,PASSENGER_STATUS) values (4409,44,'75A',9,'BKD');
Insert into FLI_PASSENGERS (ID,FLIGHT_ID,SEAT,CUSTOMER_ID,PASSENGER_STATUS) values (4410,44,'76A',10,'BKD');
Insert into FLI_PASSENGERS (ID,FLIGHT_ID,SEAT,CUSTOMER_ID,PASSENGER_STATUS) values (4411,44,'77A',11,'BKD');
Insert into FLI_PASSENGERS (ID,FLIGHT_ID,SEAT,CUSTOMER_ID,PASSENGER_STATUS) values (4412,44,'78A',12,'BKD');
Insert into FLI_PASSENGERS (ID,FLIGHT_ID,SEAT,CUSTOMER_ID,PASSENGER_STATUS) values (4413,44,'79A',13,'BKD');
Insert into FLI_PASSENGERS (ID,FLIGHT_ID,SEAT,CUSTOMER_ID,PASSENGER_STATUS) values (4414,44,'80A',14,'BKD');
Insert into FLI_PASSENGERS (ID,FLIGHT_ID,SEAT,CUSTOMER_ID,PASSENGER_STATUS) values (4415,44,'81A',15,'BKD');
Insert into FLI_PASSENGERS (ID,FLIGHT_ID,SEAT,CUSTOMER_ID,PASSENGER_STATUS) values (4416,44,'82A',16,'BKD');
Insert into FLI_PASSENGERS (ID,FLIGHT_ID,SEAT,CUSTOMER_ID,PASSENGER_STATUS) values (4417,44,'83A',17,'BKD');
Insert into FLI_PASSENGERS (ID,FLIGHT_ID,SEAT,CUSTOMER_ID,PASSENGER_STATUS) values (4418,44,'84A',18,'BKD');
Insert into FLI_PASSENGERS (ID,FLIGHT_ID,SEAT,CUSTOMER_ID,PASSENGER_STATUS) values (4419,44,'85A',19,'BKD');
Insert into FLI_PASSENGERS (ID,FLIGHT_ID,SEAT,CUSTOMER_ID,PASSENGER_STATUS) values (4420,44,'86A',20,'BKD');
Insert into FLI_PASSENGERS (ID,FLIGHT_ID,SEAT,CUSTOMER_ID,PASSENGER_STATUS) values (4421,44,'87A',21,'BKD');
Insert into FLI_PASSENGERS (ID,FLIGHT_ID,SEAT,CUSTOMER_ID,PASSENGER_STATUS) values (4422,44,'88A',22,'BKD');
--------------------------------------------------------
--  DDL for Index SYS_C0014070
--------------------------------------------------------

  CREATE UNIQUE INDEX "SYS_C0014070" ON "FLI_AIRLINE_CARRIERS" ("ID") 
  ;
--------------------------------------------------------
--  DDL for Index SYS_C0014066
--------------------------------------------------------

  CREATE UNIQUE INDEX "SYS_C0014066" ON "FLI_AIRPORTS" ("ID") 
  ;
--------------------------------------------------------
--  DDL for Index SYS_C0014075
--------------------------------------------------------

  CREATE UNIQUE INDEX "SYS_C0014075" ON "FLI_CUSTOMERS" ("ID") 
  ;
--------------------------------------------------------
--  DDL for Index SYS_C0014080
--------------------------------------------------------

  CREATE UNIQUE INDEX "SYS_C0014080" ON "FLI_FLIGHTS" ("ID") 
  ;
--------------------------------------------------------
--  DDL for Index SYS_C0014077
--------------------------------------------------------

  CREATE UNIQUE INDEX "SYS_C0014077" ON "FLI_PASSENGERS" ("ID") 
  ;
--------------------------------------------------------
--  Constraints for Table FLI_AIRLINE_CARRIERS
--------------------------------------------------------

  ALTER TABLE "FLI_AIRLINE_CARRIERS" ADD PRIMARY KEY ("ID")
  USING INDEX  ENABLE;
  ALTER TABLE "FLI_AIRLINE_CARRIERS" MODIFY ("NAME" NOT NULL ENABLE);
  ALTER TABLE "FLI_AIRLINE_CARRIERS" MODIFY ("IATA_CODE" NOT NULL ENABLE);
  ALTER TABLE "FLI_AIRLINE_CARRIERS" MODIFY ("ID" NOT NULL ENABLE);
--------------------------------------------------------
--  Constraints for Table FLI_AIRPORTS
--------------------------------------------------------

  ALTER TABLE "FLI_AIRPORTS" ADD PRIMARY KEY ("ID")
  USING INDEX  ENABLE;
  ALTER TABLE "FLI_AIRPORTS" MODIFY ("CITY" NOT NULL ENABLE);
  ALTER TABLE "FLI_AIRPORTS" MODIFY ("IATA_CODE" NOT NULL ENABLE);
  ALTER TABLE "FLI_AIRPORTS" MODIFY ("COUNTRY_CODE" NOT NULL ENABLE);
  ALTER TABLE "FLI_AIRPORTS" MODIFY ("ID" NOT NULL ENABLE);
--------------------------------------------------------
--  Constraints for Table FLI_CUSTOMERS
--------------------------------------------------------

  ALTER TABLE "FLI_CUSTOMERS" ADD PRIMARY KEY ("ID")
  USING INDEX  ENABLE;
  ALTER TABLE "FLI_CUSTOMERS" MODIFY ("ID" NOT NULL ENABLE);
--------------------------------------------------------
--  Constraints for Table FLI_FLIGHTS
--------------------------------------------------------

  ALTER TABLE "FLI_FLIGHTS" ADD PRIMARY KEY ("ID")
  USING INDEX  ENABLE;
  ALTER TABLE "FLI_FLIGHTS" MODIFY ("FLIGHT_NUMBER" NOT NULL ENABLE);
  ALTER TABLE "FLI_FLIGHTS" MODIFY ("ID" NOT NULL ENABLE);
--------------------------------------------------------
--  Constraints for Table FLI_PASSENGERS
--------------------------------------------------------

  ALTER TABLE "FLI_PASSENGERS" ADD PRIMARY KEY ("ID")
  USING INDEX  ENABLE;
  ALTER TABLE "FLI_PASSENGERS" MODIFY ("ID" NOT NULL ENABLE);
